{"global_step":1007616,"time/fps":3287,"_wandb":{"runtime":308},"_timestamp":1.7811115832988422e+09,"train/std":0.36806193,"train/value_loss":8.3965225,"rollout/ep_rew_mean":2583.1404,"_step":1588,"train/learning_rate":0.0003,"train/approx_kl":0.019545395,"_runtime":308,"train/explained_variance":0.99535125,"train/clip_fraction":0.2020752,"train/loss":3.361405,"train/entropy_loss":-1.2332903,"train/policy_gradient_loss":0.00090024684,"rollout/ep_len_mean":705.4,"train/clip_range":0.2}