{"rollout/ep_rew_mean":1528.4768,"global_step":1007616,"train/entropy_loss":-1.4285116,"train/std":0.41285133,"train/value_loss":848.81665,"_wandb":{"runtime":305},"train/approx_kl":0.009492653,"train/explained_variance":0.6374979,"time/fps":3316,"_timestamp":1.78111219700343e+09,"train/clip_range":0.2,"train/learning_rate":0.0003,"train/clip_fraction":0.097436525,"rollout/ep_len_mean":450.33,"train/loss":221.29128,"_step":1588,"train/policy_gradient_loss":-0.006637588,"_runtime":305}