{"train/loss":21.245445,"global_step":1007616,"_timestamp":1.7811106407945778e+09,"train/clip_fraction":0.18917236,"train/approx_kl":0.01623639,"train/clip_range":0.2,"_step":1588,"rollout/ep_rew_mean":2277.5635,"rollout/ep_len_mean":629.84,"time/fps":3248,"_wandb":{"runtime":311},"train/learning_rate":0.0003,"train/policy_gradient_loss":-0.0031678998,"train/value_loss":511.42807,"train/std":0.4347831,"train/entropy_loss":-1.7399056,"_runtime":311,"train/explained_variance":0.726161}