{"time/fps":3325,"_wandb":{"runtime":304},"train/std":0.3481424,"train/policy_gradient_loss":0.0011202812,"_timestamp":1.7811118899953148e+09,"train/explained_variance":0.99767494,"rollout/ep_rew_mean":1941.7747,"train/learning_rate":0.0003,"_step":1588,"_runtime":304,"train/loss":0.8017304,"train/clip_fraction":0.26730958,"rollout/ep_len_mean":542.43,"train/value_loss":7.0681114,"train/approx_kl":0.020803504,"train/clip_range":0.2,"train/entropy_loss":-1.0503387,"global_step":1007616}