{"train/value_loss":127.76137,"_timestamp":1.7811112736111848e+09,"rollout/ep_len_mean":509.99,"rollout/ep_rew_mean":1887.6609,"train/entropy_loss":-0.93459696,"_step":1588,"train/policy_gradient_loss":0.002752867,"_runtime":320,"train/learning_rate":0.0003,"train/clip_range":0.2,"train/explained_variance":0.9700527,"train/approx_kl":0.019875001,"time/fps":3159,"train/std":0.33934438,"train/loss":6.178761,"global_step":1007616,"train/clip_fraction":0.22747803,"_wandb":{"runtime":320}}