{"train/approx_kl":0.017877646,"train/entropy_loss":-1.3063207,"global_step":1007616,"rollout/ep_len_mean":597.51,"rollout/ep_rew_mean":2174.8335,"_timestamp":1.781113117802592e+09,"time/fps":3303,"_runtime":306,"_step":1588,"train/value_loss":14.261779,"train/loss":5.387498,"train/clip_fraction":0.17342529,"train/policy_gradient_loss":-0.0023607083,"train/explained_variance":0.99687153,"train/clip_range":0.2,"train/std":0.37933853,"train/learning_rate":0.0003,"_wandb":{"runtime":306}}