{"_step":1588,"_runtime":317,"global_step":1007616,"train/policy_gradient_loss":-0.0018747213,"rollout/ep_len_mean":388.73,"_wandb":{"runtime":317},"train/learning_rate":0.0003,"_timestamp":1.7811103272497191e+09,"rollout/ep_rew_mean":1296.1285,"train/approx_kl":0.015463225,"train/entropy_loss":-1.6060585,"train/explained_variance":0.9952462,"train/std":0.41368517,"train/loss":12.898274,"train/clip_fraction":0.1795288,"time/fps":3238,"train/clip_range":0.2,"train/value_loss":21.821249}