{"train/policy_gradient_loss":-0.0039937105,"_runtime":303,"train/std":0.4143786,"train/entropy_loss":-1.5702509,"train/learning_rate":0.0003,"train/loss":1.6390594,"rollout/ep_len_mean":650.71,"train/explained_variance":0.9818191,"rollout/ep_rew_mean":2313.5352,"_wandb":{"runtime":303},"train/approx_kl":0.021190338,"_step":1588,"train/clip_range":0.2,"time/fps":3338,"train/clip_fraction":0.23117676,"_timestamp":1.781112502272338e+09,"global_step":1007616,"train/value_loss":3.5825202}