{"rollout/ep_len_mean":527,"train/entropy_loss":-1.5220362,"time/fps":3274,"train/clip_fraction":0.17720947,"train/clip_range":0.2,"_runtime":309,"train/std":0.40858862,"train/approx_kl":0.018929336,"train/explained_variance":0.9460629,"_step":1588,"train/policy_gradient_loss":9.056502e-05,"train/value_loss":176.21829,"rollout/ep_rew_mean":1866.2214,"train/loss":3.4782095,"_timestamp":1.7811109515527492e+09,"train/learning_rate":0.0003,"global_step":1007616,"_wandb":{"runtime":309}}