{"train/explained_variance":0.9957968,"train/loss":7.0115438,"_wandb":{"runtime":305},"_step":1588,"train/entropy_loss":-1.4568192,"train/clip_range":0.2,"train/learning_rate":0.0003,"_runtime":305,"train/approx_kl":0.019374352,"time/fps":3314,"train/value_loss":20.777508,"_timestamp":1.7811128094477189e+09,"rollout/ep_rew_mean":1710.4874,"global_step":1007616,"train/clip_fraction":0.18549804,"rollout/ep_len_mean":462.34,"train/std":0.3996702,"train/policy_gradient_loss":0.002646623}